id {uuid},name  {properties.title},type {properties.type},diocese {properties.diocese},url {links[0].identifier},{links[0].type},{properties.when},founded by {properties.founder},{latitude},{longitude},"{types=[{""identifier"":""http://vocab.getty.edu/aat/300443474"",""label"":""monasteries (institutions)"",""sourceLabels"":[""Monastery""]}]}","{$.@id=""https://w3id.org/locolligo/early-monasteries""}","{$.indexing=""indexing_early-monasteries.json""}"
1,Campodunum,1,,https://en.wikipedia.org/wiki/History_of_Leeds,seeAlso,>=730,Thrythwulf (abbot),53.654,-1.872,,,
2,Beverley,1,York,https://en.wikipedia.org/wiki/Beverley_Minster,seeAlso,>=700,John (Bishop of York),53.839167,-0.424722,,,
3,Tadcaster,1,,https://en.wikipedia.org/wiki/List_of_monastic_houses_in_North_Yorkshire,seeAlso,>=649,Hieu,53.911044,-1.262419,,,
4,Watton,1,,"https://en.wikipedia.org/wiki/Watton,_East_Riding_of_Yorkshire",seeAlso,,,53.937501,-0.453516,,,
5,Addingham,1,,https://en.wikipedia.org/wiki/Addingham,seeAlso,>=678,Ecgfrith/Wilfrid,53.9433,-1.8717,,,
6,Ripon,1,,https://en.wikipedia.org/wiki/List_of_monastic_houses_in_North_Yorkshire,seeAlso,>=660,Alchfrid,54.134992,-1.520257,,,
7,Stonegrave,1,,https://en.wikipedia.org/wiki/Stonegrave_Minster,seeAlso,>=757,Eadberht,54.19252,-0.99663,,,
8,Heversham,1,,"https://en.wikipedia.org/wiki/St_Peter%27s_Church,_Heversham",seeAlso,>=800,,54.24373,-2.77484,,,
9,Hackness,1,,https://en.wikipedia.org/wiki/List_of_monastic_houses_in_North_Yorkshire,seeAlso,>=680,Hilda,54.296589,-0.526367,,,
10,Lastingham,1,,https://en.wikipedia.org/wiki/List_of_monastic_houses_in_North_Yorkshire,seeAlso,>=654,Cedd,54.304478,-0.882586,,,
11,Gilling,1,,https://en.wikipedia.org/wiki/Gilling_Abbey,seeAlso,>=653,Eanflaed,54.4408,-1.71913,,,
12,Whitby,1,,https://en.wikipedia.org/wiki/Whitby_Abbey,seeAlso,>=657,Oswiu,54.489,-0.608,,,
13,Dacre,1,,https://en.wikipedia.org/wiki/List_of_monastic_houses_in_Cumbria,seeAlso,>=731,,54.632256,-2.83808,,,
14,Carlisle,1,,https://en.wikipedia.org/wiki/List_of_monastic_houses_in_Cumbria,seeAlso,>=686,Ecgfrith,54.894713,-2.938607,,,
15,Coldingham,1,,https://en.wikipedia.org/wiki/Coldingham_Priory,seeAlso,>=640,Aebbe,55.8865,-2.155222,,,
16,Tyningham,1,,https://en.wikipedia.org/wiki/Tyninghame,seeAlso,>=756,Baldred,56.0028,-2.6264,,,
17,Melrose,1,,https://canmore.org.uk/site/55631/old-melrose-st-cuthberts-chapel,seeAlso,>=650,Aidan,55.6,-2.6553703,,,
18,Donamuthe/Adlingsfleet?,,,,,,,#VALUE!,#VALUE!,,,
19,Catterick,1,,,,,,#VALUE!,#VALUE!,,,
20,Coxwold,1,,,,,,#VALUE!,#VALUE!,,,
21,Crayke,1,,https://en.wikipedia.org/wiki/List_of_monastic_houses_in_North_Yorkshire,seeAlso,>=685,Ecgfrith/Cuthbert,#VALUE!,#VALUE!,,,
22,Stamford,1,,,,,,#VALUE!,#VALUE!,,,
23,Kilnsea,1,,,,,,,,,,
24,Tynemouth,1,Hexham?,https://en.wikipedia.org/wiki/Tynemouth_Castle_and_Priory,seeAlso,>=633,Edwin of Northumbria?,55.0175,-1.4189,,,
25,Jarrow,1,Hexham?,https://en.wikipedia.org/wiki/Monkwearmouth%E2%80%93Jarrow_Abbey,seeAlso,>=684,Ecgfrith/Benedict Biscop,54.9804,-1.4722,,,
26,South Shields,1,Hexham?,"https://en.wikipedia.org/wiki/St_Hilda%27s_Church,_South_Shields",seeAlso,>=647,Oswin/Aidan/Hilda,54.996458,-1.437725,,,
27,Monkwearmouth,1,Hexham?,https://en.wikipedia.org/wiki/Monkwearmouth%E2%80%93Jarrow_Abbey,seeAlso,>=674,Ecgfrith/Benedict Biscop,54.91303,-1.375245,,,
28,Gateshead,1,Hexham?,https://en.wikipedia.org/wiki/Gateshead,seeAlso,>=623,Utta (Abbot),54.95,-1.6,,,
29,Corbridge,1,Hexham?,https://en.wikipedia.org/wiki/Corbridge,seeAlso,>=676,Wilfrid,54.97505027,-2.0198155,,,
30,Ebchester,1,Hexham?,https://en.wikipedia.org/wiki/Ebchester,seeAlso,>=683,Aebbe,54.89421993,-1.8400571,,,
31,Hartlepool,1,Hexham?,https://en.wikipedia.org/wiki/Hartlepool_Abbey,seeAlso,>=640,Hieu/Aidan,54.695119,-1.181553,,,
32,Whalley,1,Lichfield?,https://sites.google.com/site/whalleyparishchurch/Home/history-of-st-mary-and-all-saints-church-whalley,seeAlso,>=628,,53.82160903,-2.4075163,,,
33,Derby,1,Lichfield?,,,,,#VALUE!,#VALUE!,,,
34,Repton,1,Lichfield?,https://en.wikipedia.org/wiki/List_of_monastic_houses_in_Derbyshire,seeAlso,>=660,David,52.8413,-1.5504,,,
35,Wenlock,1,Lichfield?,https://en.wikipedia.org/wiki/Wenlock_Priory,seeAlso,>=680,Merewalh,52.59739,-2.55506,,,
36,Acton Beauchamp,1,Hereford?,,,,,53.07422958,-2.5510136,,,
37,Ismere (Kidderminster),1,Worcester?,https://en.wikipedia.org/wiki/Ismere_Diploma,seeAlso,>=736,Aethelbald of Mercia,52.3885,-2.249,,,
38,Wooton,1,Worcester?,https://en.wikipedia.org/wiki/Wootton_Wawen,seeAlso,>=737,Aethelbald of Mercia,51.70968696,-1.311988,,,
39,Stratford,1,Worcester?,,,,,#VALUE!,#VALUE!,,,
40,Hanbury,1,Worcester?,"https://en.wikipedia.org/wiki/Hanbury,_Worcestershire",seeAlso,>=660,,52.27830634,-2.0682456,,,
41,Blockley,1,Worcester?,https://en.wikipedia.org/wiki/Blockley,seeAlso,>=855,Burgred of Mercia,52.016,-1.76,,,
42,Daylesford,1,Worcester?,https://en.wikipedia.org/wiki/Daylesford_Monastery,seeAlso,>=718,Aethelbald of Mercia/Begia,51.929924,-1.648722,,,
43,"Gloucester, Cathedral",1,Worcester?,https://en.wikipedia.org/wiki/Gloucester_Cathedral,seeAlso,>=679,,51.8675,-2.246667,,,
44,"Gloucester, St Oswald's",1,Worcester?,https://en.wikipedia.org/wiki/List_of_monastic_houses_in_Gloucestershire,seeAlso,>=660,Penda,51.869282,-2.247684,,,
45,Withington,1,Worcester?,"https://en.wikipedia.org/wiki/Church_of_St_Michael,_Withington",seeAlso,>=674,,51.8392,-1.9562,,,
46,Berkeley,1,Worcester?,https://www.heritagegateway.org.uk/Gateway/Results_Single.aspx?uid=111654&resourceID=19191,seeAlso,>=759,,51.716222,-2.4737123,,,
47,Tetbury,1,Worcester?,https://en.wikipedia.org/wiki/Tetbury,seeAlso,>=681,Ine,51.636,-2.158,,,
48,Yate,1,Worcester?,https://en.wikipedia.org/wiki/List_of_monastic_houses_in_Gloucestershire,seeAlso,>=779,,51.5402,-2.410989,,,
49,Sodbury,1,Worcester?,https://en.wikipedia.org/wiki/Old_Sodbury,seeAlso,>=755,Bishop Milred/Eanbald,51.533601,-2.356147,,,
50,Westbury,1,Worcester?,"https://en.wikipedia.org/wiki/Holy_Trinity_Church,_Westbury_on_Trym",seeAlso,>=793,Offa/Aethelmund,51.4903,-2.6294,,,
51,Inkberrow,1,Worcester?,https://www.british-history.ac.uk/vch/worcs/vol3/pp418-430,seeAlso,>=789,,52.213,-1.981,,,
52,Kempsey,1,Worcester?,https://nortonjuxtakempseyparishcouncil.org/the-parish/parish-history/,seeAlso,>=799,,52.13909,-2.21766,,,
53,Fladbury,1,Worcester?,https://en.wikipedia.org/wiki/Fladbury,seeAlso,>=691,Ethelred/Oftfor (Bishop of Worcester),52.115449,-2.008589,,,
54,Evesham,1,Worcester?,https://en.wikipedia.org/wiki/Evesham_Abbey,seeAlso,>=710,Egwin,52.0913,-1.9468,,,
55,Pershore,1,Worcester?,https://en.wikipedia.org/wiki/Pershore_Abbey,seeAlso,>=689,Oswald,52.110556,-2.077778,,,
56,Ripple,1,Worcester?,https://www.british-history.ac.uk/vch/worcs/vol3/pp486-496,seeAlso,>=680,Oshere (King of Hwiccas)/Frithowald),52.038228,-2.184712,,,
57,Twynging,1,Worcester?,https://en.wikipedia.org/wiki/List_of_monastic_houses_in_Gloucestershire,seeAlso,>=770,,#VALUE!,#VALUE!,,,
58,Bredon,1,Worcester?,https://en.wikipedia.org/wiki/Bredon,seeAlso,>=716,Aethelbald of Mercia/Eanwulf,52.03,-2.117,,,
59,Beckford,1,Worcester?,https://www.british-history.ac.uk/vch/glos/vol8/pp250-262,seeAlso,>=770,,52.016667,-2.033333,,,
60,Deerhurst,1,Worcester?,https://en.wikipedia.org/wiki/List_of_monastic_houses_in_Gloucestershire,seeAlso,>=700,,51.967975,-2.189927,,,
61,Bishops Cleeve,1,Worcester?,https://en.wikipedia.org/wiki/List_of_monastic_houses_in_Gloucestershire,seeAlso,>=779,Offa/Ealdred,51.947,-2.061,,,
62,Winchcombe,1,Worcester?,https://en.wikipedia.org/wiki/List_of_monastic_houses_in_Gloucestershire,seeAlso,>=787,Offa/Ealdred,51.9531,-1.9667,,,
63,Cheltenham,1,Worcester?,https://en.wikipedia.org/wiki/List_of_monastic_houses_in_Gloucestershire,seeAlso,>=770,,51.896503,-2.073948,,,
64,Dowdeswell,1,Worcester?,http://www.dadswell.id.au/history/origins.htm,seeAlso,>=781,Hedda (abbot of Worcester),51.881111,-2.003333,,,
65,Bodmin,1,Bodmin?,https://en.wikipedia.org/wiki/Bodmin,seeAlso,>=564,Petroc,50.470678,-4.715683,,,
66,Padstow,,Bodmin?,https://en.wikipedia.org/wiki/Padstow,seeAlso,>=564,Petroc?,50.541233,-4.942946,,,
67,Launceston,,,https://en.wikipedia.org/wiki/Launceston_Priory,seeAlso,>=830,,50.636425,-4.355307,,,
68,Plympton,1,Bodmin?,https://www.plymptonstmaurice.com/st-maurice-church-sakv0,seeAlso,,,50.38376321,-4.046726,,,
69,St Germans,,,https://en.wikipedia.org/wiki/St_German%27s_Priory,seeAlso,>=430,Germanus,50.397,-4.309,,,
70,St Kew/Lan Docco,,,https://en.wikipedia.org/wiki/St_Kew,seeAlso,>=500,Docco,50.558,-4.795,,,
71,St Michael's Mount,,,https://en.wikipedia.org/wiki/St_Michael%27s_Mount,seeAlso,>=750,,50.116,-5.4772,,,
72,St Piran's Oratory,,,https://en.wikipedia.org/wiki/Perranzabuloe#St_Piran's_Oratory_and_Old_Church,seeAlso,>=480,Piran,50.365024,-5.1392296,,,
73,Caldey island,,,https://en.wikipedia.org/wiki/Caldey_Island,seeAlso,>=500,,51.64,-4.69,,,
74,Llantwit Fawr,,,https://en.wikipedia.org/wiki/Llantwit_Major#C%C3%B4r_Tewdws,seeAlso,>=429,illtud,51.40623,-3.47503,,,
75,"Exeter, St Mary Major",1,Sherborne?,"https://en.wikipedia.org/wiki/Church_of_St_Mary_Major,_Exeter",seeAlso,>=680,,50.7224,-3.5313,,,
76,Watchet,,,https://en.wikipedia.org/wiki/Watchet,seeAlso,>=706,Decuman,51.1795,-3.3242,,,
77,Congresbury,1,Sherborne?,"https://en.wikipedia.org/wiki/St_Andrew%27s_Church,_Congresbury",seeAlso,>=520,Congar,51.3697,-2.8091,,,
78,Wells,1,Sherborne?,https://en.wikipedia.org/wiki/Wells_Cathedral,seeAlso,>=705,Aldhelm,51.2104,-2.6437,,,
79,Glastonbury,1,Sherborne?,https://en.wikipedia.org/wiki/Glastonbury_Abbey,seeAlso,>=601,Gwrgan or Dumnonia?,51.145556,-2.714444,,,
80,Muchelney,1,Sherborne?,https://en.wikipedia.org/wiki/Muchelney_Abbey,seeAlso,>=693,,51.016667,-2.653889,,,
81,Bath,1,Sherborne?,https://en.wikipedia.org/wiki/Bath_Abbey,seeAlso,>=675,"Osric, King of Hwicce",51.381389,-2.358889,,,
82,Malmesbury,1,Sherborne?,https://en.wikipedia.org/wiki/Malmesbury_Abbey,seeAlso,>=676,Aldhem,51.5847,-2.0984,,,
83,Purton,1,Sherborne?,https://en.wikipedia.org/wiki/Purton,seeAlso,>=796,Ecgfrith,51.588,-1.867,,,
84,Tisbury,1,Sherborne?,https://en.wikipedia.org/wiki/Tisbury_Grange,seeAlso,>=704,,#VALUE!,#VALUE!,,,
85,Fontwell,1,Sherborne?,,,,,,,,,
86,Wimborne,1,Sherborne?,https://en.wikipedia.org/wiki/Wimborne_Minster_(church),seeAlso,>=705,Cuthburga,50.798889,-1.988056,,,
87,Barrow,1,Caistor?,https://en.wikipedia.org/wiki/Barrow_upon_Humber,seeAlso,>=672,Wulfhere/Cedd,53.67501,-0.381845,,,
88,Louth,1,Caistor?,"https://en.wikipedia.org/wiki/Louth,_Lincolnshire",seeAlso,>=793,,53.37657,0.027,,,
89,Bardney,1,Caistor?,https://en.wikipedia.org/wiki/Bardney_Abbey,seeAlso,>=697,Aethelbald of Mercia,53.2204,-0.3336,,,
90,Partney,1,Caistor?,https://en.wikipedia.org/wiki/Partney,seeAlso,>=730,,53.193987,0.109657,,,
91,Crowland,1,Caistor?,https://en.wikipedia.org/wiki/Crowland_Abbey,seeAlso,>=714,,52.676389,-0.165278,,,
92,Breedon,1,Leicester?,"https://en.wikipedia.org/wiki/Church_of_St_Mary_and_St_Hardulph,_Breedon_on_the_Hill#Holy_Hill_Monastery",seeAlso,>=676,Aethelred/Headda,52.806111,-1.4,,,
93,Peterborough,1,Leicester?,https://en.wikipedia.org/wiki/Peterborough_Cathedral,seeAlso,>=655,Peadda,52.5725,-0.238889,,,
94,Oundle,1,Leicester?,https://en.wikipedia.org/wiki/Oundle,seeAlso,>=709,Wilfrid,52.48,-0.472,,,
95,Brixworth,1,Leicester?,"https://en.wikipedia.org/wiki/All_Saints%27_Church,_Brixworth",seeAlso,>=675,Sexwulf (Bishop of Mercia),52.333889,-0.904722,,,
96,Ely,1,Leicester?,https://en.wikipedia.org/wiki/Ely_Cathedral,seeAlso,>=672,Etheldreda,52.398611,0.264167,,,
97,Abingdon,1,Winchester?,https://en.wikipedia.org/wiki/Abingdon_Abbey,seeAlso,>=675,Cissa or Hean,51.670556,-1.275278,,,
98,Marcham,1,Winchester?,,,,,,,,,
99,Cookham,1,Winchester?,https://en.wikipedia.org/wiki/Cookham,seeAlso,>=750,,,,,,
100,Bradfield,1,Winchester?,https://en.wikipedia.org/wiki/Bradfield_Abbey,seeAlso,>=726,Ine of Wessex,,,,,
101,Chertsey,1,Winchester?,https://en.wikipedia.org/wiki/Chertsey_Abbey,seeAlso,>=666,Erkenwald,51.395,-0.5031,,,
102,Woking,1,Winchester?,https://en.wikipedia.org/wiki/History_of_Woking,seeAlso,>=715,,51.305,-0.539,,,
103,Farnham,1,Winchester?,https://en.wikipedia.org/wiki/Farnham,seeAlso,>=686,Caedwalla,51.215,-0.799,,,
104,Nursling,1,Winchester?,https://en.wikipedia.org/wiki/Nursling,seeAlso,>=686,,50.94494,-1.47268,,,
105,Redbridge,1,Winchester?,https://en.wikipedia.org/wiki/Abbeys_and_priories_in_Hampshire,seeAlso,>=680,,50.91977,-1.47358,,,
106,Bishops Waltham,1,Winchester?,,,,,#VALUE!,#VALUE!,,,
107,Croydon,1,Winchester?,https://en.wikipedia.org/wiki/Croydon,seeAlso,>=821,,51.373,-0.105,,,
108,Bermondsey,1,Winchester?,https://en.wikipedia.org/wiki/Bermondsey,seeAlso,>=715,,51.494083,-0.071089,,,
109,(North) Elmham,1,Elmham?,https://en.wikipedia.org/wiki/North_Elmham,seeAlso,>=672,,52.74856,0.93972,,,
110,South Elmham,1,Dunwich?,https://historicengland.org.uk/listing/the-list/list-entry/1017675,seeAlso,,,,,,,
111,Dunwich/Dommoc,1,Dunwich?,"https://en.wikipedia.org/wiki/Walton,_Suffolk",seeAlso,>=630,Sigeberht/Felix of Burgundy,51.971,1.341,,,
112,Iken,1,Dunwich?,"https://en.wikipedia.org/wiki/St_Botolph%27s_Church,_Boston",seeAlso,>=654,Botolph,52.978611,-0.025833,,,
113,Sudbury,1,London?,"https://en.wikipedia.org/wiki/Sudbury,_Suffolk",seeAlso,>=799,,52.0417,0.72816,,,
114,Ealing,1,London?,,,,,,,,,
115,Upminster,1,London?,,,,,51.555765,0.247909,,,
116,Barking,1,London?,https://en.wikipedia.org/wiki/List_of_monastic_houses_in_London,seeAlso,>=666,Erkenwald,51.535556,0.075278,,,
117,Tilbury (Tilaburg),1,London?,http://www.stceddschurch.org/monasticfoundations.html,seeAlso,>=664,Cedd,51.48,0.39,,,
118,Bradwell-on-Sea,1,London?,https://en.wikipedia.org/wiki/Chapel_of_St_Peter-on-the-Wall,seeAlso,>=653,Cedd,51.73536,0.93994,,,
119,Hoo,1,Rochester?,https://en.wikipedia.org/wiki/List_of_monastic_houses_in_Kent,seeAlso,>=687,Ecgbald,51.456536,0.488695,,,
120,Bosham,1,Selsey?,https://en.wikipedia.org/wiki/Bosham,seeAlso,>=681,Dicul?,50.828588,-0.859498,,,
121,Selsey Abbey,,,https://en.wikipedia.org/wiki/Selsey_Abbey,seeAlso,>=681,St Wilfrid,50.754911,-0.765111,,,
122,Wittering,1,Selsey?,https://en.wikipedia.org/wiki/List_of_monastic_houses_in_West_Sussex,seeAlso,>=685,,50.765905,-0.753545,,,
123,Pagham,1,Selsey?,https://www.explorechurches.org/church/st-thomas-becket-pagham,seeAlso,>=680,Caedwalla/Wilfrid,50.77038957,-0.7480877,,,
124,Aldingbourne,1,Selsey?,https://www.heritagegateway.org.uk/Gateway/Results_Single.aspx?uid=249229&resourceID=19191,seeAlso,>=692,"Nothelm, King of South Saxons/Nothgitha",50.819087,-0.6811503,,,
125,Peppering,1,Selsey?,https://esawyer.lib.cam.ac.uk/manuscript/98.html,seeAlso,>=705,Nunna/Berhfrith,50.87,-0.525,,,
126,Stanmer,1,Selsey?,https://en.wikipedia.org/wiki/Stanmer_Church,seeAlso,>=765,,50.870278,-0.101944,,,
127,Ferring,1,Selsey?,https://en.wikipedia.org/wiki/List_of_monastic_houses_in_West_Sussex,seeAlso,>=796,,50.807313,-0.454382,,,
128,South Malling,1,Selsey?,https://trinitylewes.org/wp-content/uploads/2018/03/History-of-South-Malling-Church.pdf,seeAlso,>=686,Caedwalla/Wilfrid,50.88166443,0.00699184,,,
129,Beddingham,1,Selsey?,https://sussexparishchurches.org/church/beddingham-st-andrew/,seeAlso,>=770,,50.8518,0.0519,,,
130,Bexhill,1,Selsey?,https://en.wikipedia.org/wiki/Bexhill-on-Sea,seeAlso,>=772,Offa of Mercia,50.85,0.47,,,
131,Lydd,,Canterbury,https://en.wikipedia.org/wiki/List_of_monastic_houses_in_Kent,seeAlso,>=774,,50.951783,0.90693,,,
132,Lyminge,1,Canterbury?,https://en.wikipedia.org/wiki/Lyminge_Abbey,seeAlso,>=633,Ethelburga,51.126111,1.086667,,,
133,Folkestone,1,Canterbury?,https://en.wikipedia.org/wiki/List_of_monastic_houses_in_Kent,seeAlso,>=640,Eadbald,51.079031,1.183747,,,
134,Dover Priory,1,Canterbury?,https://en.wikipedia.org/wiki/Dover_Priory,seeAlso,>=640,Eadbald,51.128374,1.32337,,,
135,Dover Minster,1,,https://en.wikipedia.org/wiki/List_of_monastic_houses_in_Kent,seeAlso,>=691,,51.125001,1.312534,,,
136,Canterbury Cathedral Priory,,,https://en.wikipedia.org/wiki/List_of_monastic_houses_in_Kent,seeAlso,>=598,Augustine,51.279689,1.083183,,,
137,Minster-in-Thanet,1,Canterbury?,https://en.wikipedia.org/wiki/Minster_in_Thanet_Priory,seeAlso,>=670,Domne Eafe,51.33037,1.315677,,,
138,Reculver,1,Canterbury?,"https://en.wikipedia.org/wiki/St_Mary%27s_Church,_Reculver",seeAlso,>=669,Ecgberht/Bassa,51.3796,1.1995,,,
139,Minster-in-Sheppey,1,Canterbury?,"https://en.wikipedia.org/wiki/Minster,_Swale",seeAlso,>=670,Ecgberht/Seaxburh,51.421,0.809,,,
140,"St Martins, Dover",1,Canterbury?,https://en.wikipedia.org/wiki/List_of_monastic_houses_in_Kent,seeAlso,>=697,Wihtred,51.127034,1.307573,,,
141,Shoreham Minster,,,https://en.wikipedia.org/wiki/List_of_monastic_houses_in_Kent,seeAlso,>=700,,51.333052,0.184402,,,
142,St Augustine's,1,Canterbury?,https://en.wikipedia.org/wiki/St_Augustine%27s_Abbey,seeAlso,>=598,Aethelberht/Augustine,51.278889,1.087083,,,
143,Rochester Cathedral priory,,,https://en.wikipedia.org/wiki/Rochester_Cathedral,seeAlso,>=604,,51.388933,0.503215,,,
144,West Malling,,,https://en.wikipedia.org/wiki/List_of_monastic_houses_in_Kent,seeAlso,>=688,,51.293205,0.412408,,,
145,Wigton,2,,,,,,,,,,
146,Barwick in Elmet,2,,,,>=731,,53.831152,-1.394488,,,
147,Chester Abbey,,,,,>=689,,53.189023,-2.885461,,,
148,Stone,2,Lichfield?,,,,,,,,,
149,Hanbury,2,Lichfield?,,,>=674,Wulfhere/Colman,,,,,
150,Burton,2,Lichfield?,,,,,,,,,
151,Leominster,2,Hereford?,"https://en.wikipedia.org/wiki/Priory_Church,_Leominster",seeAlso,>=660,Eadfrith,52.2293,-2.7359,,,
152,Tewkesbury,2,Worcester?,https://en.wikipedia.org/wiki/List_of_monastic_houses_in_Gloucestershire,seeAlso,>=715,Dodo,51.990338,-2.160594,,,
153,Bradford-on-Avon,2,Sherborne?,https://en.wikipedia.org/wiki/List_of_monastic_houses_in_England#Greater_Manchester,seeAlso,>=710,Aldhelm,51.347,-2.2538,,,
154,Frome,2,Sherborne?,,,,,#VALUE!,#VALUE!,,,
155,Hibaldstow,2,Caistor?,https://en.wikipedia.org/wiki/Hibaldstow,seeAlso,>=690,Hybald,53.5122,-0.5209,,,
156,Threekingham,2,Caistor?,https://en.wikipedia.org/wiki/List_of_monastic_houses_in_England#Greater_Manchester,seeAlso,>=680,Werburgh,52.966348,-2.189856,,,
157,Grantham,2,Caistor?,"https://en.wikipedia.org/wiki/St_Wulfram%27s_Church,_Grantham",seeAlso,,,52.9148,-0.6407,,,
158,Peakirk,2,Leicester?,https://www.heritagegateway.org.uk/Gateway/Results_Single.aspx?uid=b7505462-fa8d-40fb-879e-1b9d23873149&resourceID=19191,seeAlso,>=719,Pega,52.63999,-0.2751762,,,
159,Castor,2,Leicester?,https://en.wikipedia.org/wiki/List_of_monastic_houses_in_England,seeAlso,>=665,,,,,,
160,Boxworth,2,Leicester?,,,,,,,,,
161,Horningsea,2,Leicester?,,,,,,,,,
162,Shelford,2,Leicester?,,,,,,,,,
163,Weedon,2,Leicester?,https://en.wikipedia.org/wiki/List_of_monastic_houses_in_England,seeAlso,>=680,Werburgh,,,,,
164,Bedford,2,Leicester?,,,,,,,,,
165,Buckingham,2,Leicester?,,,,,,,,,
166,Charlbury,2,Leicester?,,,,,,,,,
167,Dunstable,2,Leicester?,,,,,,,,,
168,St Albans,2,Leicester?,https://en.wikipedia.org/wiki/St_Albans_Cathedral,seeAlso,>=350,Offa of Mercia,51.750556,-0.342222,,,
169,Oxford,2,Winchester?,"https://en.wikipedia.org/wiki/Christ_Church_Cathedral,_Oxford",seeAlso,>=727,Didanus,51.75236913,-1.2747859,,,
170,Twynham/Christchurch,2,Winchester?,https://en.wikipedia.org/wiki/Christchurch_Priory,seeAlso,>=800,,50.7319,-1.77466,,,
171,East Dereham,2,Elmham?,https://en.wikipedia.org/wiki/Dereham,seeAlso,>=743,Withburga,52.681,0.94,,,
172,St Benet,2,Elmham?,https://en.wikipedia.org/wiki/St_Benet%27s_Abbey,seeAlso,>=800,Suneman,52.6864,1.5247,,,
173,Blythborough,2,Dunwich?,,,,,,,,,
174,Bury St Edmunds,2,Dunwich?,https://en.wikipedia.org/wiki/List_of_monastic_houses_in_England#Greater_Manchester,seeAlso,>=633,Sigeberht,52.2441,0.7192,,,
175,Hadleigh,2,Dunwich?,,,,,,,,,
176,Felixstowe,2,Dunwich?,,,,,,,,,
177,Hadstock,2,London?,,,,,,,,,
178,Bishops Stortford,2,London?,,,,,,,,,
179,St Osyth,2,London?,,,,,,,,,
180,Wakering,2,London?,https://en.wikipedia.org/wiki/Great_Wakering,seeAlso,>=673,,51.5516,0.8165,,,
181,Eastry,2,Canterbury?,,,>=673,Ecgberht,,,,,
182,St Mildred's,2,Canterbury?,,,,,,,,,
183,Abercorn,episcopal see,,https://en.wikipedia.org/wiki/Abercorn,seeAlso,>=731,Trumwine,55.993,-3.473,,,
184,Whithorn,episcopal see,,https://en.wikipedia.org/wiki/Whithorn,seeAlso,>=600,,54.735,-4.416,,,
185,Caergybi Monastery,,,https://en.wikipedia.org/wiki/List_of_monastic_houses_in_Wales,seeAlso,>=600,Celtic,53.311455,-4.632502,,,
186,Llangaffo Clas,,,https://en.wikipedia.org/wiki/List_of_monastic_houses_in_Wales,seeAlso,,Celtic,53.191022,-4.327261,,,
187,Penmon Priory,,,https://en.wikipedia.org/wiki/List_of_monastic_houses_in_Wales,seeAlso,>=600,Celtic,53.305685,-4.056911,,,
188,Ynys Lannog Cell,,,https://en.wikipedia.org/wiki/List_of_monastic_houses_in_Wales,seeAlso,>=600,Celtic,53.320909,-4.021549,,,
189,Llandaff Monastery,,,https://en.wikipedia.org/wiki/List_of_monastic_houses_in_Wales,seeAlso,>=522,Celtic,51.495731,-3.217795,,,
190,Carmarthen Clas,,,https://en.wikipedia.org/wiki/List_of_monastic_houses_in_Wales,seeAlso,>=600,Celtic,51.858087,-4.300244,,,
191,Llanarthney Clas,,,https://en.wikipedia.org/wiki/List_of_monastic_houses_in_Wales,seeAlso,>=600,Celtic,51.861685,-4.129787,,,
192,Llandeilo Monastery,,,https://en.wikipedia.org/wiki/List_of_monastic_houses_in_Wales,seeAlso,>=600,Celtic,51.881743,-3.99293,,,
193,Llanbadarn Fawr Priory,,,https://en.wikipedia.org/wiki/List_of_monastic_houses_in_Wales,seeAlso,>=600,Celtic,52.409105,-4.060991,,,
194,St Asaph Monastery,,,https://en.wikipedia.org/wiki/List_of_monastic_houses_in_Wales,seeAlso,>=550,Celtic,53.257222,-3.441944,,,
195,Aberdaron Clas,,,https://en.wikipedia.org/wiki/List_of_monastic_houses_in_Wales,seeAlso,>=600,Celtic,52.805252,-4.711762,,,
196,Bangor Monastery,,,https://en.wikipedia.org/wiki/List_of_monastic_houses_in_Wales,seeAlso,>=600,Celtic,53.226478,-4.127356,,,
197,Bardsey Abbey,,,https://en.wikipedia.org/wiki/List_of_monastic_houses_in_Wales,seeAlso,>=516,Celtic,52.764365,-4.787571,,,
198,Beddgelert Priory,,,https://en.wikipedia.org/wiki/List_of_monastic_houses_in_Wales,seeAlso,>=700,,53.011091,-4.101658,,,
199,Clynnog Fawr Abbey,,,https://en.wikipedia.org/wiki/List_of_monastic_houses_in_Wales,seeAlso,>=616,,53.018862,-4.364576,,,
200,St Tudwal's Island Monastery,,,https://en.wikipedia.org/wiki/List_of_monastic_houses_in_Wales,seeAlso,>=600,,52.805176,-4.460538,,,
201,Caerwent Clas,,,https://en.wikipedia.org/wiki/List_of_monastic_houses_in_Wales,seeAlso,>=600,,51.611548,-2.767997,,,
202,Newport Clas,,,https://en.wikipedia.org/wiki/List_of_monastic_houses_in_Wales,seeAlso,>=520,,51.583056,-2.998611,,,
203,Margam Abbey,,,https://en.wikipedia.org/wiki/List_of_monastic_houses_in_Wales,seeAlso,>=600,,51.562694,-3.730768,,,
204,Penally Clas,,,https://en.wikipedia.org/wiki/List_of_monastic_houses_in_Wales,seeAlso,>=600,,51.659759,-4.722909,,,
205,St Dogmaels Abbey,,,https://en.wikipedia.org/wiki/List_of_monastic_houses_in_Wales,seeAlso,>=600,,52.080508,-4.680626,,,
206,Bishopston Monastery,,,https://en.wikipedia.org/wiki/List_of_monastic_houses_in_Wales,seeAlso,>=600,,51.585094,-4.05393,,,
207,Barry Island Monastery,,,https://en.wikipedia.org/wiki/List_of_monastic_houses_in_Wales,seeAlso,>=600,,51.392,-3.274833,,,
208,Llancarfan Monastery,,,https://en.wikipedia.org/wiki/List_of_monastic_houses_in_Wales,seeAlso,>=520,,51.4242,-3.3656,,,
209,Llandough Clas,,,https://en.wikipedia.org/wiki/List_of_monastic_houses_in_Wales,seeAlso,>=600,,51.449167,-3.196667,,,
210,Bangor-is-y-coed Abbey,,,https://en.wikipedia.org/wiki/List_of_monastic_houses_in_Wales,seeAlso,>=500,,53.003,-2.911,,,
211,Llangyfelach Clas,,,https://en.wikipedia.org/wiki/List_of_monastic_houses_in_Wales,seeAlso,>=600,,51.67209,-3.95826,,,
212,Glascwm Clas,,,https://en.wikipedia.org/wiki/List_of_monastic_houses_in_Wales,seeAlso,>=600,,52.166667,-3.233333,,,
213,Glasbury Clas,,,https://en.wikipedia.org/wiki/List_of_monastic_houses_in_Wales,seeAlso,>=700,,52.045,-3.202,,,
214,Llandinam Clas,,,https://en.wikipedia.org/wiki/List_of_monastic_houses_in_Wales,seeAlso,>=700,,52.484,-3.434,,,
215,Llangorse Clas,,,https://en.wikipedia.org/wiki/List_of_monastic_houses_in_Wales,seeAlso,>=625,,51.93457449,-3.2708572,,,
216,Llanguric Clas,,,https://en.wikipedia.org/wiki/List_of_monastic_houses_in_Wales,seeAlso,>=525,,52.4044,-3.60513,,,
217,Llanrhaiadr ym mochnant Clas,,,https://en.wikipedia.org/wiki/List_of_monastic_houses_in_Wales,seeAlso,>=600,,52.83,-3.3,,,
218,Meigod Clas,,,https://en.wikipedia.org/wiki/List_of_monastic_houses_in_Wales,seeAlso,>=600,,52.71,-3.25,,,
219,St Harmon Clas,,,https://en.wikipedia.org/wiki/List_of_monastic_houses_in_Wales,seeAlso,>=600,,52.344,-3.4861,,,
220,Nevern Monastery,,,https://en.wikipedia.org/wiki/List_of_monastic_houses_in_Wales,seeAlso,>=500,,52.02,-4.8,,,
221,Clova Monastery,,,https://en.wikipedia.org/wiki/List_of_monastic_houses_in_Scotland,seeAlso,>=600,,57.278549,-2.904165,,,
222,Deer Abbey,,,https://en.wikipedia.org/wiki/List_of_monastic_houses_in_Scotland,seeAlso,>=600,,57.523333,-2.054028,,,
223,Mortlach Monastery,,,https://en.wikipedia.org/wiki/Mortlach_Parish_Church,seeAlso,>=566,,57.438889,-3.128056,,,
224,"Artchain Monastery, Tiree",,,https://en.wikipedia.org/wiki/List_of_monastic_houses_in_Scotland,seeAlso,>=600,,56.523835,-6.8483679,,,
225,Ardchattan Priory,,,https://en.wikipedia.org/wiki/List_of_monastic_houses_in_Scotland,seeAlso,>=600,,56.463027,-5.293871,,,
226,"Bledach Monastery,Tiree",,,https://en.wikipedia.org/wiki/List_of_monastic_houses_in_Scotland,seeAlso,>=577,,,,,,
227,"Cella Diuni, Loch Awe",,,https://en.wikipedia.org/wiki/List_of_monastic_houses_in_Scotland,seeAlso,>=600,,56.17885,-5.402443,,,
228,Garvellach Islands Monastery,,,https://en.wikipedia.org/wiki/List_of_monastic_houses_in_Scotland,seeAlso,>=600,,56.2225,-5.806111,,,
229,Iona Abbey,,,https://en.wikipedia.org/wiki/List_of_monastic_houses_in_Scotland,seeAlso,>=565,,56.333967,-6.393249,,,
230,Hinba,,,https://en.wikipedia.org/wiki/Hinba,seeAlso,>=600,,56.083333,-5.75,,,
231,Lismore Monastery,,,https://en.wikipedia.org/wiki/List_of_monastic_houses_in_Scotland,seeAlso,>=592,,56.53466,-5.480285,,,
232,"Mag Luinge, Tiree",,,https://en.wikipedia.org/wiki/List_of_monastic_houses_in_Scotland,seeAlso,,,,,,,
233,Tiree Monastery,,,https://en.wikipedia.org/wiki/List_of_monastic_houses_in_Scotland,seeAlso,>=565,,56.500206,-6.909365,,,
234,St Andrew's Cathedral Priory,,,https://en.wikipedia.org/wiki/List_of_monastic_houses_in_Scotland,seeAlso,>=747,,56.340033,-2.787523,,,
235,Govan Monastery,,,https://en.wikipedia.org/wiki/Govan_Old_Parish_Church,seeAlso,>=600,,55.8646,-4.3129,,,
236,Applecross Monastery,,,https://en.wikipedia.org/wiki/List_of_monastic_houses_in_Scotland,seeAlso,>=673,,57.445006,-5.812145,,,
237,Eigg Monastery,,,https://en.wikipedia.org/wiki/List_of_monastic_houses_in_Scotland,seeAlso,>=617,,56.887678,-6.13904,,,
238,North Rona Monastery,,,https://en.wikipedia.org/wiki/List_of_monastic_houses_in_Scotland,seeAlso,>=700,,,,,,
239,Brough of Birsay Monastery,,,https://en.wikipedia.org/wiki/List_of_monastic_houses_in_Scotland,seeAlso,>=600,,59.136571,-3.330182,,,
240,Abernethy Priory,,,https://en.wikipedia.org/wiki/List_of_monastic_houses_in_Scotland,seeAlso,>=600,,56.33336,-3.311863,,,
241,Dunkeld Monastery,,,https://en.wikipedia.org/wiki/List_of_monastic_houses_in_Scotland,seeAlso,>=849,,56.565,-3.589722,,,
242,"St Serf's Inch Priory, St Serf's Inch, Loch Leven",,,https://en.wikipedia.org/wiki/List_of_monastic_houses_in_Scotland,seeAlso,>=842,,56.187532,-3.352461,,,
243,Scone,,,https://en.wikipedia.org/wiki/Scone_Abbey,seeAlso,>=700,,56.424722,-3.435833,,,
244,Kinnedar,,,https://en.wikipedia.org/wiki/Kinneddar,seeAlso,>=600,,57.7103,-3.3034,,,
245,Meigle,,,https://en.wikipedia.org/wiki/Meigle,seeAlso,>=800,,56.586944,-3.164167,,,
246,Portmahomack,,,https://en.wikipedia.org/wiki/Portmahomack,seeAlso,>=550,,57.83695,-3.82746,,,
247,Rosemarkie,,,https://en.wikipedia.org/wiki/Rosemarkie,seeAlso,>=600,,57.59162,-4.11516,,,
248,Paisley,,,https://en.wikipedia.org/wiki/Paisley_Abbey,seeAlso,>=620,,55.845,-4.420556,,,
250,Finlaggan,,,https://en.wikipedia.org/wiki/Finlaggan,seeAlso,>=650,,55.83431,-6.17304,,,
251,Altmünster Abbey,,,https://en.wikipedia.org/wiki/List_of_Merovingian_monasteries,seeAlso,,,49.6133,6.1424,,,
252,Altomünster Abbey,,,https://en.wikipedia.org/wiki/List_of_Merovingian_monasteries,seeAlso,>=750,Alto,48.3886,11.2565,,,
253,Amorbach Abbey,,,https://en.wikipedia.org/wiki/List_of_Merovingian_monasteries,seeAlso,>=734,"Amor, disciple of Pirmin",49.642778,9.22,,,
254,Annegray Abbey,,,https://en.wikipedia.org/wiki/List_of_Merovingian_monasteries,seeAlso,>=590,Columbanus,47.8244,6.5386,,,
255,Argenteuil Abbey,,,https://en.wikipedia.org/wiki/List_of_Merovingian_monasteries,seeAlso,>=656,,48.95,2.25,,,
256,Benedictbeuren Abbey,,,https://en.wikipedia.org/wiki/List_of_Merovingian_monasteries,seeAlso,>=740,,47.7075,11.399167,,,
257,Bobbio Abbey,,,https://en.wikipedia.org/wiki/List_of_Merovingian_monasteries,seeAlso,>=614,Columbanus,44.7667,9.387,,,
258,Abbey of Bruyères-le-Châtel,,,https://en.wikipedia.org/wiki/List_of_Merovingian_monasteries,seeAlso,>=673,Chlotilde,48.5935,2.1925,,,
259,Chelles Abbey,,,https://en.wikipedia.org/wiki/List_of_Merovingian_monasteries,seeAlso,>=658,Balthild,48.8833,2.6,,,
260,Chiemsee Abbey,,,https://en.wikipedia.org/wiki/List_of_Merovingian_monasteries,seeAlso,>=782,,47.866667,12.433333,,,
261,"Saint Peter Abbey, Corbie",,,https://en.wikipedia.org/wiki/List_of_Merovingian_monasteries,seeAlso,>=660,Balthild,49.908889,2.510278,,,
262,Dol Abbey,,,https://en.wikipedia.org/wiki/List_of_Merovingian_monasteries,seeAlso,>=548,Samson of Dol,48.550833,-1.755833,,,
263,Echternach Abbey,,,https://en.wikipedia.org/wiki/List_of_Merovingian_monasteries,seeAlso,>=698,Willibrord,49.813889,6.4225,,,
264,Elnone,,,https://en.wikipedia.org/wiki/List_of_Merovingian_monasteries,seeAlso,>=633,Amandus,50.449722,3.428611,,,
265,Faremoutiers Abbey,,,https://en.wikipedia.org/wiki/List_of_Merovingian_monasteries,seeAlso,>=620,Burgundofara,48.801944,2.9975,,,
266,Fécamp Abbey,,,https://en.wikipedia.org/wiki/List_of_Merovingian_monasteries,seeAlso,>=658,Waningus,49.755333,0.381722,,,
267,Ferrières Abbey,,,https://en.wikipedia.org/wiki/List_of_Merovingian_monasteries,seeAlso,>=630,Columbanus,48.0901,2.789,,,
268,"Saint Peter Abbey, Flavigny",,,https://en.wikipedia.org/wiki/List_of_Merovingian_monasteries,seeAlso,>=719,Widerad,47.511389,4.529722,,,
269,Fleury Abbey,,,https://en.wikipedia.org/wiki/List_of_Merovingian_monasteries,seeAlso,>=640,Leodebaldus,47.809797,2.305519,,,
270,Fritzlar Abbey (Frideslar),,,"https://en.wikipedia.org/wiki/Saint_Peter%27s_Church,_Fritzlar",seeAlso,>=724,Boniface,51.130833,9.273889,,,
271,Gorze Abbey,,,https://en.wikipedia.org/wiki/List_of_Merovingian_monasteries,seeAlso,>=749,Chrodegang of Metz,49.053889,5.996667,,,
272,Fontanella Abbey,,,https://en.wikipedia.org/wiki/List_of_Merovingian_monasteries,seeAlso,>=648,Wandregisel,49.52956,0.76655,,,
273,Fulda Abbey,,,https://en.wikipedia.org/wiki/List_of_Merovingian_monasteries,seeAlso,>=744,Sturm,50.554,9.67175,,,
274,Hautmont Abbey,,,https://en.wikipedia.org/wiki/List_of_Merovingian_monasteries,seeAlso,>=646,Vincent Madelgarius,50.2486,3.9253,,,
275,Hautvillers Abbey,,,https://en.wikipedia.org/wiki/List_of_Merovingian_monasteries,seeAlso,>=665,,49.0819,3.9412,,,
276,Hersfeld Abbey,,,https://en.wikipedia.org/wiki/List_of_Merovingian_monasteries,seeAlso,>=736,Sturm,50.866389,9.702778,,,
277,"Holy Cross Abbey, Poitiers",,,https://en.wikipedia.org/wiki/List_of_Merovingian_monasteries,seeAlso,>=552,Radegunde,46.5798,0.3519,,,
278,Holzkirchen Abbey,,,https://second.wiki/wiki/kloster_holzkirchen,seeAlso,>=775,Drudmunt,49.78,9.681,,,
279,Honau Abbey,,,https://en.wikipedia.org/wiki/List_of_Merovingian_monasteries,seeAlso,>=720,Adalbert,48.6589,7.8292,,,
280,Hornbach Abbey,,,https://en.wikipedia.org/wiki/List_of_Merovingian_monasteries,seeAlso,,,49.186927,7.369601,,,
281,Abbey Notre-Dame de Jouarre,,,https://en.wikipedia.org/wiki/List_of_Merovingian_monasteries,seeAlso,>=630,Ado,48.926667,3.131944,,,
282,"Saint Peter Abbey, Jumièges",,,https://en.wikipedia.org/wiki/List_of_Merovingian_monasteries,seeAlso,>=654,Philibert,49.431944,0.819167,,,
283,Kaiserwerth Abbey,,,https://en.wikipedia.org/wiki/List_of_Merovingian_monasteries,seeAlso,>=700,Suitbert,51.30093856,6.73302545,,,
284,Kempten Abbey,,,https://en.wikipedia.org/wiki/List_of_Merovingian_monasteries,seeAlso,>=752,Audogar,47.7277,10.3132,,,
285,Kitzingen Abbey,,,https://arts.st-andrews.ac.uk/monasticmatrix/monasticon/kitzingen,seeAlso,>=734,,49.733333,10.166667,,,
286,"Saint Lambert Abbey, Liessies",,,https://en.wikipedia.org/wiki/List_of_Merovingian_monasteries,seeAlso,>=751,Wilbert,50.119444,4.083333,,,
287,Lobbes Abbey,,,https://en.wikipedia.org/wiki/List_of_Merovingian_monasteries,seeAlso,>=650,Landelin,50.347222,4.261111,,,
288,Lorch Abbey,,,https://en.wikipedia.org/wiki/List_of_Merovingian_monasteries,seeAlso,>=764,Cancor,49.653611,8.569722,,,
289,"Saint Peter and Paul Abbey, Luxeuil",,,https://en.wikipedia.org/wiki/List_of_Merovingian_monasteries,seeAlso,>=590,Columbanus,47.816389,6.381389,,,
290,Marmoutier Abbey,,,https://en.wikipedia.org/wiki/List_of_Merovingian_monasteries,seeAlso,>=589,Leobard?,48.690556,7.3825,,,
291,Maroilles Abbey,,,https://en.wikipedia.org/wiki/List_of_Merovingian_monasteries,seeAlso,>=650,Radobert,50.133333,3.758611,,,
292,Mettlach Abbey,,,https://en.wikipedia.org/wiki/List_of_Merovingian_monasteries,seeAlso,>=676,Leudwinus,49.49,6.594,,,
293,Mondsee Abbey,,,https://en.wikipedia.org/wiki/List_of_Merovingian_monasteries,seeAlso,>=748,Odilo of Bavaria,47.857222,13.35,,,
294,Mont-St-Michel Abbey,,,https://en.wikipedia.org/wiki/List_of_Merovingian_monasteries,seeAlso,>=708,Aubert,48.636,-1.511,,,
295,Montier-en-Der Abbey,,,https://en.wikipedia.org/wiki/List_of_Merovingian_monasteries,seeAlso,>=670,Berchar(ius),48.478056,4.772222,,,
296,Murbach Abbey,,,https://en.wikipedia.org/wiki/List_of_Merovingian_monasteries,seeAlso,>=727,Pirmin,47.923333,7.158056,,,
297,Nantua Abbey,,,https://en.wikipedia.org/wiki/List_of_Merovingian_monasteries,seeAlso,>=660,Amandus[1],46.15258454,5.60716058,,,
298,"Saint Maurice Abbey, Niederaltaich",,,https://en.wikipedia.org/wiki/List_of_Merovingian_monasteries,seeAlso,>=731,Odilo of Bavaria,48.766111,13.027778,,,
299,Nivelles Abbey,,,https://en.wikipedia.org/wiki/List_of_Merovingian_monasteries,seeAlso,>=640,Gertrude of Nivelles,50.5975,4.323333,,,
300,Noirmoutier Abbey,,,https://en.wikipedia.org/wiki/List_of_Merovingian_monasteries,seeAlso,>=674,Philibert,47.0044,-2.2533,,,
301,"Saint Junian Abbey, Nouaillé-Maupertuis",,,https://en.wikipedia.org/wiki/List_of_Merovingian_monasteries,seeAlso,>=600,Junian,46.5094,0.415,,,
302,Novalese Abbey,,,https://en.wikipedia.org/wiki/List_of_Merovingian_monasteries,seeAlso,>=726,Abbo of Provence,45.17968,7.00845,,,
303,Orbais Abbey,,,https://en.wikipedia.org/wiki/List_of_Merovingian_monasteries,seeAlso,>=700,Reol,48.9508,3.6994,,,
304,Péronne Abbey,,,https://www.findagrave.com/cemetery/2452259/abbey-of-saint-fursy,seeAlso,>=658,,49.92932,2.935,,,
305,Prüm Abbey,,,https://en.wikipedia.org/wiki/List_of_Merovingian_monasteries,seeAlso,>=720,Bertrada of Prüm and Caribert of Laon,50.206389,6.425833,,,
306,Rebais Abbey,,,https://en.wikipedia.org/wiki/List_of_Merovingian_monasteries,seeAlso,>=640,Audoin of Rouen,48.8475,3.2328,,,
307,Reichenau Abbey,,,https://en.wikipedia.org/wiki/List_of_Merovingian_monasteries,seeAlso,>=724,Pirmin,47.6989,9.0624,,,
308,Abbey of Reuil-en-Brie,,,https://en.wikipedia.org/wiki/List_of_Merovingian_monasteries,seeAlso,>=700,Rado,48.9614,3.1476,,,
309,"Abbey of Saint-Sauveur, Sarlat",,,https://en.wikipedia.org/wiki/List_of_Merovingian_monasteries,seeAlso,>=720,,44.89,1.22,,,
310,Saint-Andoche Abbey,,,https://en.wikipedia.org/wiki/List_of_Merovingian_monasteries,seeAlso,>=592,Brunhilde,46.949,4.2952,,,
311,Saint-Aubin d’Angers,,,https://en.wikipedia.org/wiki/List_of_Merovingian_monasteries,seeAlso,>=616,,47.4681,-0.5532,,,
312,"Saint Bavo Abbey, Ghent",,,https://en.wikipedia.org/wiki/List_of_Merovingian_monasteries,seeAlso,>=630,Amandus,51.0539,3.7361,,,
313,"Sainte Colombe Abbey, Sens",,,https://en.wikipedia.org/wiki/List_of_Merovingian_monasteries,seeAlso,>=620,Chlothar II,48.215437,3.272145,,,
314,Saint Denis Abbey,,,https://en.wikipedia.org/wiki/List_of_Merovingian_monasteries,seeAlso,>=623,Dagobert I,48.935556,2.359722,,,
315,Saint Eloi Abbey,,,https://en.wikipedia.org/wiki/List_of_Merovingian_monasteries,seeAlso,>=645,Eligius,50.3519,2.6939,,,
316,Saint Emmeran Abbey,,,https://en.wikipedia.org/wiki/List_of_Merovingian_monasteries,seeAlso,>=739,,49.015278,12.092778,,,
317,Saint-Germain-des-Prés,,,https://en.wikipedia.org/wiki/List_of_Merovingian_monasteries,seeAlso,>=557,Germanus,48.853889,2.334444,,,
318,Saint Gall Abbey,,,https://en.wikipedia.org/wiki/List_of_Merovingian_monasteries,seeAlso,>=719,Othmar,47.423056,9.377222,,,
319,Abbey of Saint Genevieve,,,https://en.wikipedia.org/wiki/List_of_Merovingian_monasteries,seeAlso,>=502,Chlodowech & Saint Clotilde,48.845889,2.347833,,,
320,Saint Glossinde Abbey,,,https://en.wikipedia.org/wiki/List_of_Merovingian_monasteries,seeAlso,>=604,Glossinde,49.11,6.173,,,
321,St Hubert Abbey,,,https://en.wikipedia.org/wiki/List_of_Merovingian_monasteries,seeAlso,,,50.0265,5.3744,,,
322,Sainte-Marie de Saint-Jean-le-Grand Abbey,,,https://en.wikipedia.org/wiki/List_of_Merovingian_monasteries,seeAlso,>=589,Syagrius of Autun,46.958611,4.300278,,,
323,Saint Martin Abbey,,,https://en.wikipedia.org/wiki/List_of_Merovingian_monasteries,seeAlso,>=589,Syagrius of Autun,46.96,4.307,,,
324,Saint Maurice d'Agaune Abbey,,,https://en.wikipedia.org/wiki/List_of_Merovingian_monasteries,seeAlso,>=515,Sigismund of Burgundy,46.219358,7.003451,,,
325,Saint Medard Abbey,,,https://en.wikipedia.org/wiki/List_of_Merovingian_monasteries,seeAlso,>=557,Chlothar I,49.383056,3.343611,,,
326,Saint Mesmin Abbey,,,https://en.wikipedia.org/wiki/List_of_Merovingian_monasteries,seeAlso,>=508,Euspicius,47.881944,1.868333,,,
327,"Saint Michael Abbey, Mihiel",,,https://en.wikipedia.org/wiki/List_of_Merovingian_monasteries,seeAlso,>=709,Wulfoad?,48.889167,5.541389,,,
328,St Nazaire Abbey,,,https://en.wikipedia.org/wiki/List_of_Merovingian_monasteries,seeAlso,,,46.945,4.2991,,,
329,"Saint Bertin Abbey, Sithiu",,,https://en.wikipedia.org/wiki/List_of_Merovingian_monasteries,seeAlso,>=654,Audomar,50.75122222,2.26410838,,,
330,Saint Peter Abbey,,,https://en.wikipedia.org/wiki/List_of_Merovingian_monasteries,seeAlso,>=620,Romaric,48.015556,6.591389,,,
331,"Saint Peter Abbey, Ghent",,,https://en.wikipedia.org/wiki/List_of_Merovingian_monasteries,seeAlso,>=631,Amandus,51.042139,3.726694,,,
332,"Saint Peter Abbey, Solignac",,,https://en.wikipedia.org/wiki/List_of_Merovingian_monasteries,seeAlso,>=631,Eligius,45.7546,1.27582,,,
333,Saint Pierre de la Couture,,,https://en.wikipedia.org/wiki/List_of_Merovingian_monasteries,seeAlso,>=616,Bertechramn of Le Mans,48.0018,0.2,,,
334,"Saint-Pierre-le-Vif, Sens",,,https://en.wikipedia.org/wiki/List_of_Merovingian_monasteries,seeAlso,>=550,Theudechild,48.197778,3.296111,,,
335,Saint Pierre-le-Bas Abbey,,,https://en.wikipedia.org/wiki/List_of_Merovingian_monasteries,seeAlso,>=600,Leonianus,45.523,4.8707,,,
336,Saint Peter and Saint Paul Abbey,,,https://en.wikipedia.org/wiki/List_of_Merovingian_monasteries,seeAlso,>=661,Austrasian nobles,49.036944,7.942222,,,
337,Saint Quentin Abbey,,,https://en.wikipedia.org/wiki/List_of_Merovingian_monasteries,seeAlso,>=660,Chlodovech II,49.847792,3.289917,,,
338,"St Riquier Abbey, Centula",,,https://en.wikipedia.org/wiki/List_of_Merovingian_monasteries,seeAlso,>=625,Richarius,50.1336,1.9481,,,
339,Saint Symphorian Abbey,,,https://en.wikipedia.org/wiki/List_of_Merovingian_monasteries,seeAlso,>=609,Pappolus,46.9681,4.315,,,
340,Saint Trond Abbey,,,https://en.wikipedia.org/wiki/List_of_Merovingian_monasteries,seeAlso,>=656,Trudo,50.8164,5.1867,,,
341,Saint Vaast Abbey,,,https://en.wikipedia.org/wiki/List_of_Merovingian_monasteries,seeAlso,>=667,Audebert,50.291944,2.773333,,,
342,Staffelsee Abbey,,,https://second.wiki/wiki/monasterio_de_staffelsee,seeAlso,>=740,,47.69,11.17,,,
343,Stavelot-Malmédy Abbey,,,https://en.wikipedia.org/wiki/List_of_Merovingian_monasteries,seeAlso,>=650,Remaclus,50.383333,5.933333,,,
344,Tauberbischofsheim Abbey,,,https://en.wikipedia.org/wiki/List_of_Merovingian_monasteries,seeAlso,>=754,Boniface,49.6225,9.662778,,,
345,Tegernsee Abbey,,,https://en.wikipedia.org/wiki/List_of_Merovingian_monasteries,seeAlso,>=746,,47.7075,11.756667,,,
346,Crespin Abbey,,,https://en.wikipedia.org/wiki/Crespin_Abbey,seeAlso,>=648,Landelin,50.2519,3.3943,,,
347,Wallers-Trélon Priory,,,https://en.wikipedia.org/wiki/Crespin_Abbey,seeAlso,>=657,Landelin,50.0642,4.1764,,,
348,Samer Abbey (St. Vulmar),,,https://en.wikipedia.org/wiki/Vulmar,seeAlso,>=688,Vulmar,50.6389,1.7458,,,
349,Wierre-au-Bois Nunnery,,,https://en.wikipedia.org/wiki/Vulmar,seeAlso,>=688,Vulmar,50.645,1.7631,,,
350,Marchiennes Abbey,,,https://en.wikipedia.org/wiki/Marchiennes_Abbey,seeAlso,>=630,,50.408056,3.281111,,,
351,Monastery of St Josse,,,https://en.wikipedia.org/wiki/Saint-Josse,seeAlso,>=800,,50.4686,1.6656,,,
